Record Time,,,Weekday,Day,Month,Year,Pressure
11:00,PM,PDT,Wednesday,11,March,2020,102.6 kPa
5:00,AM,PDT,Thursday,12,March,2020,102.8 kPa
11:00,AM,PDT,Thursday,12,March,2020,102.8 kPa
5:00,PM,PDT,Thursday,12,March,2020,102.5 kPa
11:00,PM,PDT,Thursday,12,March,2020,102.2 kPa
5:15,AM,PDT,Friday,13,March,2020,101.6 kPa
11:00,AM,PDT,Friday,13,March,2020,101.2 kPa
5:00,PM,PDT,Friday,13,March,2020,100.8 kPa
11:00,PM,PDT,Friday,13,March,2020,100.9 kPa
5:00,AM,PDT,Saturday,14,March,2020,101.2 kPa
11:00,AM,PDT,Saturday,14,March,2020,101.7 kPa
5:00,PM,PDT,Saturday,14,March,2020,102.0 kPa
11:00,PM,PDT,Saturday,14,March,2020,102.4 kPa
5:00,AM,PDT,Sunday,15,March,2020,102.5 kPa
11:00,AM,PDT,Sunday,15,March,2020,102.5 kPa
5:00,PM,PDT,Sunday,15,March,2020,102.2 kPa
11:00,PM,PDT,Sunday,15,March,2020,102.4 kPa
5:00,AM,PDT,Monday,16,March,2020,102.4 kPa
11:00,AM,PDT,Monday,16,March,2020,102.6 kPa
5:00,PM,PDT,Monday,16,March,2020,102.1 kPa
11:05,PM,PDT,Monday,16,March,2020,101.8 kPa
5:00,AM,PDT,Tuesday,17,March,2020,101.4 kPa
11:00,AM,PDT,Tuesday,17,March,2020,101.3 kPa
5:00,PM,PDT,Tuesday,17,March,2020,101.0 kPa
11:03,PM,PDT,Tuesday,17,March,2020,101.0 kPa
5:00,AM,PDT,Wednesday,18,March,2020,101.1 kPa
11:00,AM,PDT,Wednesday,18,March,2020,101.3 kPa
5:00,PM,PDT,Wednesday,18,March,2020,101.2 kPa
11:00,PM,PDT,Wednesday,18,March,2020,101.3 kPa
5:00,AM,PDT,Thursday,19,March,2020,101.5 kPa
11:00,AM,PDT,Thursday,19,March,2020,101.8 kPa
5:00,PM,PDT,Thursday,19,March,2020,101.8 kPa
11:00,PM,PDT,Thursday,19,March,2020,102.1 kPa
5:14,AM,PDT,Friday,20,March,2020,102.4 kPa
11:00,AM,PDT,Friday,20,March,2020,102.7 kPa
5:00,PM,PDT,Friday,20,March,2020,102.5 kPa
11:00,PM,PDT,Friday,20,March,2020,102.5 kPa
5:00,AM,PDT,Saturday,21,March,2020,102.5 kPa
11:00,AM,PDT,Saturday,21,March,2020,102.6 kPa
5:00,PM,PDT,Saturday,21,March,2020,102.3 kPa
11:00,PM,PDT,Saturday,21,March,2020,102.3 kPa
5:00,AM,PDT,Sunday,22,March,2020,102.1 kPa
11:00,AM,PDT,Sunday,22,March,2020,101.9 kPa
5:00,PM,PDT,Sunday,22,March,2020,101.3 kPa
11:00,PM,PDT,Sunday,22,March,2020,100.9 kPa
5:00,AM,PDT,Monday,23,March,2020,100.7 kPa
11:00,AM,PDT,Monday,23,March,2020,100.8 kPa
5:00,PM,PDT,Monday,23,March,2020,100.9 kPa
11:13,PM,PDT,Monday,23,March,2020,101.2 kPa
5:00,AM,PDT,Tuesday,24,March,2020,101.3 kPa
11:00,AM,PDT,Tuesday,24,March,2020,101.5 kPa
5:00,PM,PDT,Tuesday,24,March,2020,101.4 kPa
11:00,PM,PDT,Tuesday,24,March,2020,101.4 kPa
5:00,AM,PDT,Wednesday,25,March,2020,101.5 kPa
11:00,AM,PDT,Wednesday,25,March,2020,101.8 kPa
5:00,PM,PDT,Wednesday,25,March,2020,101.7 kPa
11:00,PM,PDT,Wednesday,25,March,2020,101.7 kPa
5:00,AM,PDT,Thursday,26,March,2020,101.6 kPa
11:00,AM,PDT,Thursday,26,March,2020,101.7 kPa
5:00,PM,PDT,Thursday,26,March,2020,101.6 kPa
11:00,PM,PDT,Thursday,26,March,2020,101.6 kPa
5:00,AM,PDT,Friday,27,March,2020,101.5 kPa
11:00,AM,PDT,Friday,27,March,2020,101.6 kPa
5:00,PM,PDT,Friday,27,March,2020,101.6 kPa
11:35,PM,PDT,Friday,27,March,2020,101.6 kPa
5:00,AM,PDT,Saturday,28,March,2020,101.4 kPa
11:16,AM,PDT,Saturday,28,March,2020,101.3 kPa
5:00,PM,PDT,Saturday,28,March,2020,101.0 kPa
11:00,PM,PDT,Saturday,28,March,2020,100.9 kPa
5:00,AM,PDT,Sunday,29,March,2020,100.7 kPa
11:00,AM,PDT,Sunday,29,March,2020,101.0 kPa
5:00,PM,PDT,Sunday,29,March,2020,100.9 kPa
11:00,PM,PDT,Sunday,29,March,2020,100.5 kPa
5:42,AM,PDT,Monday,30,March,2020,99.9 kPa
11:00,AM,PDT,Monday,30,March,2020,100.7 kPa
5:00,PM,PDT,Monday,30,March,2020,101.0 kPa
11:00,PM,PDT,Monday,30,March,2020,101.2 kPa
5:00,AM,PDT,Tuesday,31,March,2020,101.3 kPa
11:00,AM,PDT,Tuesday,31,March,2020,101.6 kPa
5:00,PM,PDT,Tuesday,31,March,2020,101.6 kPa
11:00,PM,PDT,Tuesday,31,March,2020,101.7 kPa
5:42,AM,PDT,Wednesday,1,April,2020,101.9 kPa
11:00,AM,PDT,Wednesday,1,April,2020,102.0 kPa
5:00,PM,PDT,Wednesday,1,April,2020,102.0 kPa
11:00,PM,PDT,Wednesday,1,April,2020,102.1 kPa
5:00,AM,PDT,Thursday,2,April,2020,102.2 kPa
11:00,AM,PDT,Thursday,2,April,2020,102.3 kPa
5:00,PM,PDT,Thursday,2,April,2020,102.1 kPa
11:00,PM,PDT,Thursday,2,April,2020,102.0 kPa
5:00,AM,PDT,Friday,3,April,2020,101.8 kPa
11:00,AM,PDT,Friday,3,April,2020,101.7 kPa
5:00,PM,PDT,Friday,3,April,2020,101.5 kPa
11:00,PM,PDT,Friday,3,April,2020,101.5 kPa
5:17,AM,PDT,Saturday,4,April,2020,101.3 kPa
11:00,AM,PDT,Saturday,4,April,2020,101.1 kPa
5:00,PM,PDT,Saturday,4,April,2020,100.7 kPa
11:00,PM,PDT,Saturday,4,April,2020,100.6 kPa
5:00,AM,PDT,Sunday,5,April,2020,100.5 kPa
10:00,AM,PDT,Sunday,5,April,2020,100.6 kPa
5:00,PM,PDT,Sunday,5,April,2020,100.5 kPa
10:00,PM,PDT,Sunday,5,April,2020,100.6 kPa
4:43,AM,PDT,Monday,6,April,2020,101.0 kPa
11:00,AM,PDT,Monday,6,April,2020,101.4 kPa
5:00,PM,PDT,Monday,6,April,2020,101.6 kPa
11:00,PM,PDT,Monday,6,April,2020,101.7 kPa
5:00,AM,PDT,Tuesday,7,April,2020,102.0 kPa
11:00,AM,PDT,Tuesday,7,April,2020,102.4 kPa
5:00,PM,PDT,Tuesday,7,April,2020,102.5 kPa
11:00,PM,PDT,Tuesday,7,April,2020,102.6 kPa
5:00,AM,PDT,Wednesday,8,April,2020,102.7 kPa
11:00,AM,PDT,Wednesday,8,April,2020,102.8 kPa
5:00,PM,PDT,Wednesday,8,April,2020,102.5 kPa
11:00,PM,PDT,Wednesday,8,April,2020,102.4 kPa
5:30,AM,PDT,Thursday,9,April,2020,102.3 kPa
11:00,AM,PDT,Thursday,9,April,2020,102.3 kPa
5:00,PM,PDT,Thursday,9,April,2020,101.9 kPa
11:00,PM,PDT,Thursday,9,April,2020,101.8 kPa
5:00,AM,PDT,Friday,10,April,2020,101.9 kPa
11:00,AM,PDT,Friday,10,April,2020,101.9 kPa
5:00,PM,PDT,Friday,10,April,2020,101.7 kPa
11:00,PM,PDT,Friday,10,April,2020,101.6 kPa
5:00,AM,PDT,Saturday,11,April,2020,101.7 kPa
11:00,AM,PDT,Saturday,11,April,2020,102.3 kPa
5:00,PM,PDT,Saturday,11,April,2020,102.3 kPa
11:00,PM,PDT,Saturday,11,April,2020,102.4 kPa
5:06,AM,PDT,Sunday,12,April,2020,102.6 kPa
11:00,AM,PDT,Sunday,12,April,2020,102.8 kPa
5:00,PM,PDT,Sunday,12,April,2020,102.6 kPa
11:00,PM,PDT,Sunday,12,April,2020,102.6 kPa
5:04,AM,PDT,Monday,13,April,2020,102.9 kPa
11:00,AM,PDT,Monday,13,April,2020,103.1 kPa
5:00,PM,PDT,Monday,13,April,2020,102.9 kPa
11:00,PM,PDT,Monday,13,April,2020,102.7 kPa
5:00,AM,PDT,Tuesday,14,April,2020,102.7 kPa
11:00,AM,PDT,Tuesday,14,April,2020,102.8 kPa
5:00,PM,PDT,Tuesday,14,April,2020,102.4 kPa
11:00,PM,PDT,Tuesday,14,April,2020,102.3 kPa
5:00,AM,PDT,Wednesday,15,April,2020,102.5 kPa
11:00,AM,PDT,Wednesday,15,April,2020,102.7 kPa
5:00,PM,PDT,Wednesday,15,April,2020,102.4 kPa
11:00,PM,PDT,Wednesday,15,April,2020,102.5 kPa
5:00,AM,PDT,Thursday,16,April,2020,102.6 kPa
11:00,AM,PDT,Thursday,16,April,2020,102.6 kPa
5:00,PM,PDT,Thursday,16,April,2020,102.2 kPa
11:00,PM,PDT,Thursday,16,April,2020,102.0 kPa
5:00,AM,PDT,Friday,17,April,2020,101.8 kPa
11:00,AM,PDT,Friday,17,April,2020,101.6 kPa
5:00,PM,PDT,Friday,17,April,2020,101.2 kPa
11:00,PM,PDT,Friday,17,April,2020,101.1 kPa
5:00,AM,PDT,Saturday,18,April,2020,101.2 kPa
11:00,AM,PDT,Saturday,18,April,2020,101.4 kPa
5:00,PM,PDT,Saturday,18,April,2020,101.5 kPa
11:00,PM,PDT,Saturday,18,April,2020,101.6 kPa
5:00,AM,PDT,Sunday,19,April,2020,101.8 kPa
11:00,AM,PDT,Sunday,19,April,2020,102.0 kPa
5:00,PM,PDT,Sunday,19,April,2020,101.9 kPa
11:00,PM,PDT,Sunday,19,April,2020,101.8 kPa
5:00,AM,PDT,Monday,20,April,2020,101.9 kPa
11:00,AM,PDT,Monday,20,April,2020,102.0 kPa
5:00,PM,PDT,Monday,20,April,2020,101.9 kPa
11:00,PM,PDT,Monday,20,April,2020,102.0 kPa
5:00,AM,PDT,Tuesday,21,April,2020,102.1 kPa
11:00,AM,PDT,Tuesday,21,April,2020,102.5 kPa
5:00,PM,PDT,Tuesday,21,April,2020,102.5 kPa
11:00,PM,PDT,Tuesday,21,April,2020,102.5 kPa
5:51,AM,PDT,Wednesday,22,April,2020,102.2 kPa
11:00,AM,PDT,Wednesday,22,April,2020,102.0 kPa
5:00,PM,PDT,Wednesday,22,April,2020,101.8 kPa
11:00,PM,PDT,Wednesday,22,April,2020,101.9 kPa
5:00,AM,PDT,Thursday,23,April,2020,102.2 kPa
11:00,AM,PDT,Thursday,23,April,2020,102.4 kPa
5:00,PM,PDT,Thursday,23,April,2020,102.4 kPa
11:00,PM,PDT,Thursday,23,April,2020,102.4 kPa
5:00,AM,PDT,Friday,24,April,2020,102.4 kPa
11:00,AM,PDT,Friday,24,April,2020,102.3 kPa
5:00,PM,PDT,Friday,24,April,2020,102.2 kPa
11:00,PM,PDT,Friday,24,April,2020,102.0 kPa
5:40,AM,PDT,Saturday,25,April,2020,101.4 kPa
11:00,AM,PDT,Saturday,25,April,2020,101.2 kPa
5:00,PM,PDT,Saturday,25,April,2020,101.6 kPa
11:00,PM,PDT,Saturday,25,April,2020,101.9 kPa
5:00,AM,PDT,Sunday,26,April,2020,102.0 kPa
11:00,AM,PDT,Sunday,26,April,2020,102.0 kPa
5:00,PM,PDT,Sunday,26,April,2020,101.5 kPa
11:00,PM,PDT,Sunday,26,April,2020,101.2 kPa
5:00,AM,PDT,Monday,27,April,2020,101.0 kPa
11:45,AM,PDT,Monday,27,April,2020,101.6 kPa
5:00,PM,PDT,Monday,27,April,2020,101.9 kPa
11:00,PM,PDT,Monday,27,April,2020,102.3 kPa
5:00,AM,PDT,Tuesday,28,April,2020,102.4 kPa
11:00,AM,PDT,Tuesday,28,April,2020,102.5 kPa
5:00,PM,PDT,Tuesday,28,April,2020,102.6 kPa
11:00,PM,PDT,Tuesday,28,April,2020,102.4 kPa
5:00,AM,PDT,Wednesday,29,April,2020,101.8 kPa
11:32,AM,PDT,Wednesday,29,April,2020,101.2 kPa
5:00,PM,PDT,Wednesday,29,April,2020,101.0 kPa
11:00,PM,PDT,Wednesday,29,April,2020,101.3 kPa
5:00,AM,PDT,Thursday,30,April,2020,101.6 kPa
11:00,AM,PDT,Thursday,30,April,2020,101.8 kPa
5:00,PM,PDT,Thursday,30,April,2020,101.9 kPa
11:00,PM,PDT,Thursday,30,April,2020,102.0 kPa
5:00,AM,PDT,Friday,1,May,2020,101.9 kPa
11:00,AM,PDT,Friday,1,May,2020,101.8 kPa
5:00,PM,PDT,Friday,1,May,2020,101.7 kPa
11:00,PM,PDT,Friday,1,May,2020,101.5 kPa
5:00,AM,PDT,Saturday,2,May,2020,101.1 kPa
11:00,AM,PDT,Saturday,2,May,2020,100.8 kPa
5:00,PM,PDT,Saturday,2,May,2020,100.9 kPa
11:00,PM,PDT,Saturday,2,May,2020,101.4 kPa
5:00,AM,PDT,Sunday,3,May,2020,101.9 kPa
11:00,AM,PDT,Sunday,3,May,2020,102.4 kPa
5:00,PM,PDT,Sunday,3,May,2020,102.5 kPa
11:00,PM,PDT,Sunday,3,May,2020,102.6 kPa
5:00,AM,PDT,Monday,4,May,2020,102.5 kPa
11:00,AM,PDT,Monday,4,May,2020,102.3 kPa
5:00,PM,PDT,Monday,4,May,2020,102.0 kPa
11:00,PM,PDT,Monday,4,May,2020,102.2 kPa
5:00,AM,PDT,Tuesday,5,May,2020,102.3 kPa
11:00,AM,PDT,Tuesday,5,May,2020,102.2 kPa
5:00,PM,PDT,Tuesday,5,May,2020,101.7 kPa
11:25,PM,PDT,Tuesday,5,May,2020,101.6 kPa
5:00,AM,PDT,Wednesday,6,May,2020,102.0 kPa
11:00,AM,PDT,Wednesday,6,May,2020,102.5 kPa
5:00,PM,PDT,Wednesday,6,May,2020,102.9 kPa
11:00,PM,PDT,Wednesday,6,May,2020,103.1 kPa
5:00,AM,PDT,Thursday,7,May,2020,103.3 kPa
11:00,AM,PDT,Thursday,7,May,2020,103.2 kPa
5:00,PM,PDT,Thursday,7,May,2020,102.7 kPa
11:00,PM,PDT,Thursday,7,May,2020,102.5 kPa
5:00,AM,PDT,Friday,8,May,2020,102.4 kPa
11:00,AM,PDT,Friday,8,May,2020,102.4 kPa
5:00,PM,PDT,Friday,8,May,2020,102.0 kPa
11:00,PM,PDT,Friday,8,May,2020,101.9 kPa
5:00,AM,PDT,Saturday,9,May,2020,101.9 kPa
11:00,AM,PDT,Saturday,9,May,2020,101.9 kPa
5:00,PM,PDT,Saturday,9,May,2020,101.5 kPa
11:00,PM,PDT,Saturday,9,May,2020,101.4 kPa
5:00,AM,PDT,Sunday,10,May,2020,101.4 kPa
11:00,AM,PDT,Sunday,10,May,2020,101.3 kPa
5:00,PM,PDT,Sunday,10,May,2020,100.9 kPa
11:00,PM,PDT,Sunday,10,May,2020,100.7 kPa
5:00,AM,PDT,Monday,11,May,2020,100.7 kPa
11:00,AM,PDT,Monday,11,May,2020,100.7 kPa
5:00,PM,PDT,Monday,11,May,2020,100.4 kPa
11:00,PM,PDT,Monday,11,May,2020,100.6 kPa
5:30,AM,PDT,Tuesday,12,May,2020,100.6 kPa
11:00,AM,PDT,Tuesday,12,May,2020,100.6 kPa
5:00,PM,PDT,Tuesday,12,May,2020,100.4 kPa
11:37,PM,PDT,Tuesday,12,May,2020,100.6 kPa
5:13,AM,PDT,Wednesday,13,May,2020,100.9 kPa
11:00,AM,PDT,Wednesday,13,May,2020,101.1 kPa
5:00,PM,PDT,Wednesday,13,May,2020,101.1 kPa
11:00,PM,PDT,Wednesday,13,May,2020,101.3 kPa
5:26,AM,PDT,Thursday,14,May,2020,101.4 kPa
11:00,AM,PDT,Thursday,14,May,2020,101.5 kPa
5:00,PM,PDT,Thursday,14,May,2020,101.5 kPa
11:00,PM,PDT,Thursday,14,May,2020,101.7 kPa
5:00,AM,PDT,Friday,15,May,2020,101.9 kPa
11:00,AM,PDT,Friday,15,May,2020,102.1 kPa
5:00,PM,PDT,Friday,15,May,2020,101.9 kPa
11:00,PM,PDT,Friday,15,May,2020,101.7 kPa
5:00,AM,PDT,Saturday,16,May,2020,101.3 kPa
11:23,AM,PDT,Saturday,16,May,2020,101.0 kPa
5:00,PM,PDT,Saturday,16,May,2020,100.8 kPa
11:00,PM,PDT,Saturday,16,May,2020,100.6 kPa
5:48,AM,PDT,Sunday,17,May,2020,100.6 kPa
11:20,AM,PDT,Sunday,17,May,2020,100.7 kPa
5:00,PM,PDT,Sunday,17,May,2020,100.6 kPa
11:00,PM,PDT,Sunday,17,May,2020,100.8 kPa
5:00,AM,PDT,Monday,18,May,2020,100.8 kPa
11:00,AM,PDT,Monday,18,May,2020,101.0 kPa
5:00,PM,PDT,Monday,18,May,2020,100.9 kPa
11:00,PM,PDT,Monday,18,May,2020,101.2 kPa
5:00,AM,PDT,Tuesday,19,May,2020,101.4 kPa
11:00,AM,PDT,Tuesday,19,May,2020,101.6 kPa
5:00,PM,PDT,Tuesday,19,May,2020,101.5 kPa
11:00,PM,PDT,Tuesday,19,May,2020,101.6 kPa
5:00,AM,PDT,Wednesday,20,May,2020,101.6 kPa
11:00,AM,PDT,Wednesday,20,May,2020,101.7 kPa
5:00,PM,PDT,Wednesday,20,May,2020,101.5 kPa
11:00,PM,PDT,Wednesday,20,May,2020,101.4 kPa
5:23,AM,PDT,Thursday,21,May,2020,101.5 kPa
11:00,AM,PDT,Thursday,21,May,2020,101.4 kPa
5:00,PM,PDT,Thursday,21,May,2020,101.4 kPa
11:00,PM,PDT,Thursday,21,May,2020,101.4 kPa
5:00,AM,PDT,Friday,22,May,2020,101.4 kPa
11:00,AM,PDT,Friday,22,May,2020,101.6 kPa
5:00,PM,PDT,Friday,22,May,2020,101.8 kPa
11:00,PM,PDT,Friday,22,May,2020,102.0 kPa
5:00,AM,PDT,Saturday,23,May,2020,102.1 kPa
11:00,AM,PDT,Saturday,23,May,2020,102.3 kPa
5:00,PM,PDT,Saturday,23,May,2020,102.2 kPa
11:00,PM,PDT,Saturday,23,May,2020,102.2 kPa
5:00,AM,PDT,Sunday,24,May,2020,102.2 kPa
11:00,AM,PDT,Sunday,24,May,2020,102.4 kPa
5:00,PM,PDT,Sunday,24,May,2020,102.2 kPa
11:00,PM,PDT,Sunday,24,May,2020,102.0 kPa
5:00,AM,PDT,Monday,25,May,2020,101.8 kPa
11:00,AM,PDT,Monday,25,May,2020,101.7 kPa
5:00,PM,PDT,Monday,25,May,2020,101.8 kPa
11:00,PM,PDT,Monday,25,May,2020,101.8 kPa
5:00,AM,PDT,Tuesday,26,May,2020,101.9 kPa
11:00,AM,PDT,Tuesday,26,May,2020,102.1 kPa
5:00,PM,PDT,Tuesday,26,May,2020,102.2 kPa
11:00,PM,PDT,Tuesday,26,May,2020,102.2 kPa
5:00,AM,PDT,Wednesday,27,May,2020,102.2 kPa
11:00,AM,PDT,Wednesday,27,May,2020,102.3 kPa
5:00,PM,PDT,Wednesday,27,May,2020,102.1 kPa
11:00,PM,PDT,Wednesday,27,May,2020,101.9 kPa
5:00,AM,PDT,Thursday,28,May,2020,101.8 kPa
11:00,AM,PDT,Thursday,28,May,2020,101.8 kPa
5:00,PM,PDT,Thursday,28,May,2020,101.6 kPa
11:00,PM,PDT,Thursday,28,May,2020,101.3 kPa
5:00,AM,PDT,Friday,29,May,2020,101.4 kPa
11:00,AM,PDT,Friday,29,May,2020,101.4 kPa
5:00,PM,PDT,Friday,29,May,2020,101.2 kPa
11:00,PM,PDT,Friday,29,May,2020,101.1 kPa
5:00,AM,PDT,Saturday,30,May,2020,100.9 kPa
11:00,AM,PDT,Saturday,30,May,2020,101.1 kPa
5:00,PM,PDT,Saturday,30,May,2020,100.8 kPa
11:00,PM,PDT,Saturday,30,May,2020,101.1 kPa
5:00,AM,PDT,Sunday,31,May,2020,101.3 kPa
11:17,AM,PDT,Sunday,31,May,2020,101.7 kPa
5:00,PM,PDT,Sunday,31,May,2020,101.9 kPa
11:00,PM,PDT,Sunday,31,May,2020,101.9 kPa
5:00,AM,PDT,Monday,1,June,2020,102.0 kPa
11:00,AM,PDT,Monday,1,June,2020,102.2 kPa
5:00,PM,PDT,Monday,1,June,2020,102.2 kPa
11:00,PM,PDT,Monday,1,June,2020,102.3 kPa
5:00,AM,PDT,Tuesday,2,June,2020,102.2 kPa
11:00,AM,PDT,Tuesday,2,June,2020,102.2 kPa
5:00,PM,PDT,Tuesday,2,June,2020,102.4 kPa
11:00,PM,PDT,Tuesday,2,June,2020,102.4 kPa
5:00,AM,PDT,Wednesday,3,June,2020,102.3 kPa
11:00,AM,PDT,Wednesday,3,June,2020,102.3 kPa
5:00,PM,PDT,Wednesday,3,June,2020,102.1 kPa
11:00,PM,PDT,Wednesday,3,June,2020,101.9 kPa
5:00,AM,PDT,Thursday,4,June,2020,101.8 kPa
11:00,AM,PDT,Thursday,4,June,2020,101.9 kPa
5:00,PM,PDT,Thursday,4,June,2020,101.7 kPa
11:00,PM,PDT,Thursday,4,June,2020,101.5 kPa
5:00,AM,PDT,Friday,5,June,2020,101.0 kPa
11:00,AM,PDT,Friday,5,June,2020,100.8 kPa
5:00,PM,PDT,Friday,5,June,2020,100.6 kPa
11:00,PM,PDT,Friday,5,June,2020,100.6 kPa
5:39,AM,PDT,Saturday,6,June,2020,100.7 kPa
11:07,AM,PDT,Saturday,6,June,2020,100.9 kPa
5:00,PM,PDT,Saturday,6,June,2020,100.9 kPa
11:00,PM,PDT,Saturday,6,June,2020,101.0 kPa
5:00,AM,PDT,Sunday,7,June,2020,101.2 kPa
11:00,AM,PDT,Sunday,7,June,2020,101.3 kPa
5:00,PM,PDT,Sunday,7,June,2020,101.4 kPa
11:00,PM,PDT,Sunday,7,June,2020,101.6 kPa
5:00,AM,PDT,Monday,8,June,2020,101.9 kPa
11:00,AM,PDT,Monday,8,June,2020,102.1 kPa
5:00,PM,PDT,Monday,8,June,2020,102.1 kPa
11:00,PM,PDT,Monday,8,June,2020,102.0 kPa
5:14,AM,PDT,Tuesday,9,June,2020,101.8 kPa
11:00,AM,PDT,Tuesday,9,June,2020,101.7 kPa
5:48,PM,PDT,Tuesday,9,June,2020,101.9 kPa
11:00,PM,PDT,Tuesday,9,June,2020,102.1 kPa
5:00,AM,PDT,Wednesday,10,June,2020,102.0 kPa
11:47,AM,PDT,Wednesday,10,June,2020,101.9 kPa
5:00,PM,PDT,Wednesday,10,June,2020,101.8 kPa
11:00,PM,PDT,Wednesday,10,June,2020,101.8 kPa
5:00,AM,PDT,Thursday,11,June,2020,101.7 kPa
11:00,AM,PDT,Thursday,11,June,2020,101.8 kPa
5:00,PM,PDT,Thursday,11,June,2020,101.8 kPa
11:00,PM,PDT,Thursday,11,June,2020,101.7 kPa
5:00,AM,PDT,Friday,12,June,2020,101.4 kPa
11:38,AM,PDT,Friday,12,June,2020,101.5 kPa
5:00,PM,PDT,Friday,12,June,2020,101.7 kPa
11:00,PM,PDT,Friday,12,June,2020,101.6 kPa
5:35,AM,PDT,Saturday,13,June,2020,101.3 kPa
11:00,AM,PDT,Saturday,13,June,2020,101.3 kPa
5:00,PM,PDT,Saturday,13,June,2020,101.3 kPa
11:00,PM,PDT,Saturday,13,June,2020,101.3 kPa
5:50,AM,PDT,Sunday,14,June,2020,101.4 kPa
11:00,AM,PDT,Sunday,14,June,2020,101.5 kPa
5:00,PM,PDT,Sunday,14,June,2020,101.6 kPa
11:00,PM,PDT,Sunday,14,June,2020,101.5 kPa
5:00,AM,PDT,Monday,15,June,2020,101.2 kPa
11:00,AM,PDT,Monday,15,June,2020,101.1 kPa
11:00,PM,PDT,Monday,15,June,2020,101.4 kPa
5:00,AM,PDT,Tuesday,16,June,2020,101.6 kPa
11:00,AM,PDT,Tuesday,16,June,2020,101.9 kPa
5:00,PM,PDT,Tuesday,16,June,2020,102.0 kPa
11:00,PM,PDT,Tuesday,16,June,2020,102.2 kPa
5:00,AM,PDT,Wednesday,17,June,2020,102.4 kPa
11:00,AM,PDT,Wednesday,17,June,2020,102.5 kPa
5:00,PM,PDT,Wednesday,17,June,2020,102.4 kPa
11:00,PM,PDT,Wednesday,17,June,2020,102.5 kPa
5:00,AM,PDT,Thursday,18,June,2020,102.5 kPa
11:00,AM,PDT,Thursday,18,June,2020,102.4 kPa
5:00,PM,PDT,Thursday,18,June,2020,102.0 kPa
11:00,PM,PDT,Thursday,18,June,2020,101.8 kPa
5:00,AM,PDT,Friday,19,June,2020,101.6 kPa
11:00,AM,PDT,Friday,19,June,2020,101.5 kPa
5:00,PM,PDT,Friday,19,June,2020,101.3 kPa
11:38,PM,PDT,Friday,19,June,2020,101.2 kPa
5:00,AM,PDT,Saturday,20,June,2020,101.2 kPa
11:45,AM,PDT,Saturday,20,June,2020,101.4 kPa
5:00,PM,PDT,Saturday,20,June,2020,101.4 kPa
11:00,PM,PDT,Saturday,20,June,2020,101.5 kPa
5:00,AM,PDT,Sunday,21,June,2020,101.7 kPa
11:00,AM,PDT,Sunday,21,June,2020,102.0 kPa
5:00,PM,PDT,Sunday,21,June,2020,102.1 kPa
11:00,PM,PDT,Sunday,21,June,2020,102.2 kPa
5:00,AM,PDT,Monday,22,June,2020,102.3 kPa
11:00,AM,PDT,Monday,22,June,2020,102.4 kPa
5:00,PM,PDT,Monday,22,June,2020,102.2 kPa
11:00,PM,PDT,Monday,22,June,2020,102.0 kPa
5:00,AM,PDT,Tuesday,23,June,2020,101.9 kPa
11:00,AM,PDT,Tuesday,23,June,2020,101.8 kPa
5:00,PM,PDT,Tuesday,23,June,2020,101.6 kPa
11:23,PM,PDT,Tuesday,23,June,2020,101.2 kPa
5:45,AM,PDT,Wednesday,24,June,2020,101.2 kPa
11:00,AM,PDT,Wednesday,24,June,2020,101.3 kPa
5:00,PM,PDT,Wednesday,24,June,2020,101.5 kPa
11:00,PM,PDT,Wednesday,24,June,2020,101.7 kPa
5:49,AM,PDT,Thursday,25,June,2020,101.9 kPa
11:00,AM,PDT,Thursday,25,June,2020,102.0 kPa
5:00,PM,PDT,Thursday,25,June,2020,101.8 kPa
11:00,PM,PDT,Thursday,25,June,2020,101.7 kPa
5:00,AM,PDT,Friday,26,June,2020,101.7 kPa
11:00,AM,PDT,Friday,26,June,2020,101.7 kPa
5:32,PM,PDT,Friday,26,June,2020,101.5 kPa
11:00,PM,PDT,Friday,26,June,2020,101.5 kPa
5:00,AM,PDT,Saturday,27,June,2020,101.4 kPa
11:00,AM,PDT,Saturday,27,June,2020,101.4 kPa
5:00,PM,PDT,Saturday,27,June,2020,101.3 kPa
11:00,PM,PDT,Saturday,27,June,2020,101.1 kPa
5:00,AM,PDT,Sunday,28,June,2020,101.1 kPa
11:00,AM,PDT,Sunday,28,June,2020,101.2 kPa
5:00,PM,PDT,Sunday,28,June,2020,101.1 kPa
11:00,PM,PDT,Sunday,28,June,2020,101.2 kPa
5:00,AM,PDT,Monday,29,June,2020,101.4 kPa
11:00,AM,PDT,Monday,29,June,2020,101.5 kPa
5:00,PM,PDT,Monday,29,June,2020,101.3 kPa
11:00,PM,PDT,Monday,29,June,2020,101.2 kPa
5:00,AM,PDT,Tuesday,30,June,2020,101.3 kPa
11:00,AM,PDT,Tuesday,30,June,2020,101.4 kPa
5:00,PM,PDT,Tuesday,30,June,2020,101.4 kPa
11:00,PM,PDT,Tuesday,30,June,2020,101.4 kPa
5:00,AM,PDT,Wednesday,1,July,2020,101.3 kPa
11:50,AM,PDT,Wednesday,1,July,2020,101.3 kPa
5:32,PM,PDT,Wednesday,1,July,2020,101.2 kPa
11:23,PM,PDT,Wednesday,1,July,2020,101.1 kPa
5:00,AM,PDT,Thursday,2,July,2020,101.2 kPa
11:00,AM,PDT,Thursday,2,July,2020,101.4 kPa
5:00,PM,PDT,Thursday,2,July,2020,101.6 kPa
11:00,PM,PDT,Thursday,2,July,2020,101.6 kPa
5:00,AM,PDT,Friday,3,July,2020,101.6 kPa
11:00,AM,PDT,Friday,3,July,2020,101.8 kPa
5:00,PM,PDT,Friday,3,July,2020,102.1 kPa
11:00,PM,PDT,Friday,3,July,2020,102.2 kPa
5:00,AM,PDT,Saturday,4,July,2020,102.2 kPa
11:00,AM,PDT,Saturday,4,July,2020,102.3 kPa
5:00,PM,PDT,Saturday,4,July,2020,102.3 kPa
11:00,PM,PDT,Saturday,4,July,2020,102.3 kPa
5:00,AM,PDT,Sunday,5,July,2020,102.2 kPa
11:00,AM,PDT,Sunday,5,July,2020,102.2 kPa
5:00,PM,PDT,Sunday,5,July,2020,102.0 kPa
11:00,PM,PDT,Sunday,5,July,2020,101.8 kPa
5:00,AM,PDT,Monday,6,July,2020,101.7 kPa
11:00,AM,PDT,Monday,6,July,2020,101.8 kPa
5:00,PM,PDT,Monday,6,July,2020,101.6 kPa
11:00,PM,PDT,Monday,6,July,2020,101.5 kPa
5:00,AM,PDT,Tuesday,7,July,2020,101.6 kPa
11:00,AM,PDT,Tuesday,7,July,2020,101.8 kPa
5:00,PM,PDT,Tuesday,7,July,2020,101.9 kPa
11:00,PM,PDT,Tuesday,7,July,2020,101.9 kPa
5:00,AM,PDT,Wednesday,8,July,2020,101.9 kPa
11:00,AM,PDT,Wednesday,8,July,2020,102.0 kPa
5:00,PM,PDT,Wednesday,8,July,2020,101.8 kPa
11:00,PM,PDT,Wednesday,8,July,2020,101.7 kPa
5:13,AM,PDT,Thursday,9,July,2020,101.5 kPa
11:21,AM,PDT,Thursday,9,July,2020,101.6 kPa
5:00,PM,PDT,Thursday,9,July,2020,101.6 kPa
11:00,PM,PDT,Thursday,9,July,2020,101.7 kPa
5:00,AM,PDT,Friday,10,July,2020,101.9 kPa
11:00,AM,PDT,Friday,10,July,2020,102.2 kPa
5:00,PM,PDT,Friday,10,July,2020,102.2 kPa
11:00,PM,PDT,Friday,10,July,2020,102.0 kPa
5:00,AM,PDT,Saturday,11,July,2020,101.9 kPa
11:00,AM,PDT,Saturday,11,July,2020,101.8 kPa
5:19,PM,PDT,Saturday,11,July,2020,102.0 kPa
11:00,PM,PDT,Saturday,11,July,2020,101.9 kPa
5:00,AM,PDT,Sunday,12,July,2020,101.9 kPa
11:00,AM,PDT,Sunday,12,July,2020,102.0 kPa
5:00,PM,PDT,Sunday,12,July,2020,102.0 kPa
11:00,PM,PDT,Sunday,12,July,2020,102.0 kPa
5:00,AM,PDT,Monday,13,July,2020,102.1 kPa
11:00,AM,PDT,Monday,13,July,2020,102.1 kPa
5:00,PM,PDT,Monday,13,July,2020,102.0 kPa
11:00,PM,PDT,Monday,13,July,2020,101.9 kPa
5:00,AM,PDT,Tuesday,14,July,2020,102.0 kPa
11:00,AM,PDT,Tuesday,14,July,2020,102.2 kPa
5:00,PM,PDT,Tuesday,14,July,2020,102.1 kPa
11:00,PM,PDT,Tuesday,14,July,2020,102.0 kPa
5:00,AM,PDT,Wednesday,15,July,2020,102.0 kPa
11:00,AM,PDT,Wednesday,15,July,2020,102.0 kPa
5:00,PM,PDT,Wednesday,15,July,2020,101.9 kPa
11:00,PM,PDT,Wednesday,15,July,2020,101.7 kPa
5:28,AM,PDT,Thursday,16,July,2020,101.6 kPa
11:19,AM,PDT,Thursday,16,July,2020,101.6 kPa
5:00,PM,PDT,Thursday,16,July,2020,101.4 kPa
11:00,PM,PDT,Thursday,16,July,2020,101.4 kPa
5:00,AM,PDT,Friday,17,July,2020,101.5 kPa
11:00,AM,PDT,Friday,17,July,2020,101.8 kPa
5:00,PM,PDT,Friday,17,July,2020,102.0 kPa
11:00,PM,PDT,Friday,17,July,2020,102.1 kPa
5:00,AM,PDT,Saturday,18,July,2020,102.2 kPa
11:00,AM,PDT,Saturday,18,July,2020,102.4 kPa
5:00,PM,PDT,Saturday,18,July,2020,102.2 kPa
11:00,PM,PDT,Saturday,18,July,2020,101.9 kPa
5:00,AM,PDT,Sunday,19,July,2020,101.9 kPa
11:00,AM,PDT,Sunday,19,July,2020,102.0 kPa
5:02,PM,PDT,Sunday,19,July,2020,101.8 kPa
11:00,PM,PDT,Sunday,19,July,2020,101.7 kPa
5:00,AM,PDT,Monday,20,July,2020,101.8 kPa
11:00,AM,PDT,Monday,20,July,2020,101.8 kPa
5:00,PM,PDT,Monday,20,July,2020,101.4 kPa
11:00,PM,PDT,Monday,20,July,2020,101.2 kPa
5:00,AM,PDT,Tuesday,21,July,2020,101.3 kPa
11:00,AM,PDT,Tuesday,21,July,2020,101.2 kPa
5:00,PM,PDT,Tuesday,21,July,2020,101.0 kPa
11:00,PM,PDT,Tuesday,21,July,2020,100.9 kPa
5:00,AM,PDT,Wednesday,22,July,2020,101.0 kPa
11:00,AM,PDT,Wednesday,22,July,2020,101.1 kPa
5:00,PM,PDT,Wednesday,22,July,2020,101.0 kPa
11:00,PM,PDT,Wednesday,22,July,2020,101.1 kPa
5:00,AM,PDT,Thursday,23,July,2020,101.2 kPa
11:00,AM,PDT,Thursday,23,July,2020,101.5 kPa
5:00,PM,PDT,Thursday,23,July,2020,101.5 kPa
11:00,PM,PDT,Thursday,23,July,2020,101.5 kPa
5:00,AM,PDT,Friday,24,July,2020,101.5 kPa
11:00,AM,PDT,Friday,24,July,2020,101.7 kPa
5:00,PM,PDT,Friday,24,July,2020,101.8 kPa
11:00,PM,PDT,Friday,24,July,2020,101.9 kPa
5:00,AM,PDT,Saturday,25,July,2020,102.1 kPa
11:00,AM,PDT,Saturday,25,July,2020,102.2 kPa
5:00,PM,PDT,Saturday,25,July,2020,102.1 kPa
11:00,PM,PDT,Saturday,25,July,2020,102.0 kPa
5:00,AM,PDT,Sunday,26,July,2020,102.1 kPa
11:00,AM,PDT,Sunday,26,July,2020,102.1 kPa
5:00,PM,PDT,Sunday,26,July,2020,101.7 kPa
11:00,PM,PDT,Sunday,26,July,2020,101.4 kPa
5:00,AM,PDT,Monday,27,July,2020,101.4 kPa
11:00,AM,PDT,Monday,27,July,2020,101.4 kPa
5:00,PM,PDT,Monday,27,July,2020,101.0 kPa
11:00,PM,PDT,Monday,27,July,2020,100.9 kPa
5:00,AM,PDT,Tuesday,28,July,2020,101.1 kPa
11:00,AM,PDT,Tuesday,28,July,2020,101.3 kPa
5:00,PM,PDT,Tuesday,28,July,2020,101.3 kPa
11:49,PM,PDT,Tuesday,28,July,2020,101.2 kPa
5:00,AM,PDT,Wednesday,29,July,2020,101.3 kPa
11:00,AM,PDT,Wednesday,29,July,2020,101.5 kPa
5:00,PM,PDT,Wednesday,29,July,2020,101.3 kPa
11:00,PM,PDT,Wednesday,29,July,2020,101.4 kPa
5:00,AM,PDT,Thursday,30,July,2020,101.6 kPa
11:00,AM,PDT,Thursday,30,July,2020,101.6 kPa
5:00,PM,PDT,Thursday,30,July,2020,101.3 kPa
11:00,PM,PDT,Thursday,30,July,2020,101.1 kPa
5:00,AM,PDT,Friday,31,July,2020,101.2 kPa
11:16,AM,PDT,Friday,31,July,2020,101.3 kPa
5:00,PM,PDT,Friday,31,July,2020,101.5 kPa
11:00,PM,PDT,Friday,31,July,2020,101.7 kPa
5:00,AM,PDT,Saturday,1,August,2020,101.8 kPa
11:00,AM,PDT,Saturday,1,August,2020,102.0 kPa
5:00,PM,PDT,Saturday,1,August,2020,101.8 kPa
11:00,PM,PDT,Saturday,1,August,2020,101.7 kPa
5:00,AM,PDT,Sunday,2,August,2020,101.7 kPa
11:00,AM,PDT,Sunday,2,August,2020,101.8 kPa
5:00,PM,PDT,Sunday,2,August,2020,101.8 kPa
11:00,PM,PDT,Sunday,2,August,2020,101.8 kPa
5:00,AM,PDT,Monday,3,August,2020,101.9 kPa
11:00,AM,PDT,Monday,3,August,2020,102.1 kPa
5:00,PM,PDT,Monday,3,August,2020,102.1 kPa
11:00,PM,PDT,Monday,3,August,2020,102.0 kPa
5:00,AM,PDT,Tuesday,4,August,2020,101.9 kPa
11:00,AM,PDT,Tuesday,4,August,2020,102.0 kPa
5:00,PM,PDT,Tuesday,4,August,2020,101.6 kPa
11:00,PM,PDT,Tuesday,4,August,2020,101.4 kPa
5:00,AM,PDT,Wednesday,5,August,2020,101.3 kPa
11:00,AM,PDT,Wednesday,5,August,2020,101.4 kPa
5:00,PM,PDT,Wednesday,5,August,2020,101.0 kPa
11:00,PM,PDT,Wednesday,5,August,2020,100.9 kPa
5:10,AM,PDT,Thursday,6,August,2020,100.8 kPa
11:38,AM,PDT,Thursday,6,August,2020,101.1 kPa
5:00,PM,PDT,Thursday,6,August,2020,101.4 kPa
11:00,PM,PDT,Thursday,6,August,2020,101.7 kPa
5:00,AM,PDT,Friday,7,August,2020,101.9 kPa
11:00,AM,PDT,Friday,7,August,2020,102.2 kPa
5:00,PM,PDT,Friday,7,August,2020,102.2 kPa
11:48,PM,PDT,Friday,7,August,2020,102.1 kPa
5:00,AM,PDT,Saturday,8,August,2020,102.1 kPa
11:00,AM,PDT,Saturday,8,August,2020,102.3 kPa
5:00,PM,PDT,Saturday,8,August,2020,102.2 kPa
11:00,PM,PDT,Saturday,8,August,2020,102.3 kPa
5:00,AM,PDT,Sunday,9,August,2020,102.5 kPa
11:00,AM,PDT,Sunday,9,August,2020,102.6 kPa
5:00,PM,PDT,Sunday,9,August,2020,102.5 kPa
11:00,PM,PDT,Sunday,9,August,2020,102.3 kPa
5:00,AM,PDT,Monday,10,August,2020,102.1 kPa
11:00,AM,PDT,Monday,10,August,2020,102.0 kPa
5:00,PM,PDT,Monday,10,August,2020,101.6 kPa
11:00,PM,PDT,Monday,10,August,2020,101.5 kPa
5:00,AM,PDT,Tuesday,11,August,2020,101.4 kPa
11:00,AM,PDT,Tuesday,11,August,2020,101.4 kPa
5:00,PM,PDT,Tuesday,11,August,2020,101.2 kPa
11:00,PM,PDT,Tuesday,11,August,2020,101.2 kPa
5:00,AM,PDT,Wednesday,12,August,2020,101.4 kPa
11:00,AM,PDT,Wednesday,12,August,2020,101.8 kPa
5:00,PM,PDT,Wednesday,12,August,2020,101.8 kPa
11:00,PM,PDT,Wednesday,12,August,2020,101.9 kPa
5:00,AM,PDT,Thursday,13,August,2020,101.9 kPa
11:00,AM,PDT,Thursday,13,August,2020,102.1 kPa
5:00,PM,PDT,Thursday,13,August,2020,102.1 kPa
11:00,PM,PDT,Thursday,13,August,2020,102.2 kPa
5:00,AM,PDT,Friday,14,August,2020,102.3 kPa
11:00,AM,PDT,Friday,14,August,2020,102.4 kPa
5:00,PM,PDT,Friday,14,August,2020,102.2 kPa
11:00,PM,PDT,Friday,14,August,2020,102.1 kPa
5:00,AM,PDT,Saturday,15,August,2020,102.0 kPa
11:00,AM,PDT,Saturday,15,August,2020,101.8 kPa
5:00,PM,PDT,Saturday,15,August,2020,101.5 kPa
11:00,PM,PDT,Saturday,15,August,2020,101.2 kPa
5:00,AM,PDT,Sunday,16,August,2020,101.2 kPa
11:00,AM,PDT,Sunday,16,August,2020,101.2 kPa
5:00,PM,PDT,Sunday,16,August,2020,101.1 kPa
11:00,PM,PDT,Sunday,16,August,2020,101.3 kPa
5:00,AM,PDT,Monday,17,August,2020,101.4 kPa
11:00,AM,PDT,Monday,17,August,2020,101.8 kPa
5:00,PM,PDT,Monday,17,August,2020,101.6 kPa
11:00,PM,PDT,Monday,17,August,2020,101.5 kPa
5:00,AM,PDT,Tuesday,18,August,2020,101.6 kPa
11:00,AM,PDT,Tuesday,18,August,2020,101.9 kPa
5:00,PM,PDT,Tuesday,18,August,2020,101.8 kPa
11:00,PM,PDT,Tuesday,18,August,2020,101.7 kPa
5:00,AM,PDT,Wednesday,19,August,2020,101.6 kPa
11:00,AM,PDT,Wednesday,19,August,2020,101.5 kPa
5:00,PM,PDT,Wednesday,19,August,2020,101.2 kPa
11:00,PM,PDT,Wednesday,19,August,2020,101.1 kPa
5:00,AM,PDT,Thursday,20,August,2020,101.2 kPa
11:00,AM,PDT,Thursday,20,August,2020,101.2 kPa
5:00,PM,PDT,Thursday,20,August,2020,100.9 kPa
11:00,PM,PDT,Thursday,20,August,2020,100.7 kPa
5:00,AM,PDT,Friday,21,August,2020,100.7 kPa
11:42,AM,PDT,Friday,21,August,2020,100.8 kPa
5:29,PM,PDT,Friday,21,August,2020,101.1 kPa
11:00,PM,PDT,Friday,21,August,2020,101.3 kPa
5:00,AM,PDT,Saturday,22,August,2020,101.8 kPa
11:00,AM,PDT,Saturday,22,August,2020,102.1 kPa
5:00,PM,PDT,Saturday,22,August,2020,102.0 kPa
11:00,PM,PDT,Saturday,22,August,2020,101.8 kPa
5:00,AM,PDT,Sunday,23,August,2020,101.7 kPa
11:00,AM,PDT,Sunday,23,August,2020,101.7 kPa
5:00,PM,PDT,Sunday,23,August,2020,101.5 kPa
11:00,PM,PDT,Sunday,23,August,2020,101.4 kPa
5:00,AM,PDT,Monday,24,August,2020,101.4 kPa
11:00,AM,PDT,Monday,24,August,2020,101.6 kPa
5:00,PM,PDT,Monday,24,August,2020,101.5 kPa
11:00,PM,PDT,Monday,24,August,2020,101.5 kPa
5:00,AM,PDT,Tuesday,25,August,2020,101.5 kPa
11:00,AM,PDT,Tuesday,25,August,2020,101.6 kPa
5:00,PM,PDT,Tuesday,25,August,2020,101.5 kPa
11:00,PM,PDT,Tuesday,25,August,2020,101.5 kPa
5:00,AM,PDT,Wednesday,26,August,2020,101.6 kPa
11:00,AM,PDT,Wednesday,26,August,2020,101.7 kPa
5:00,PM,PDT,Wednesday,26,August,2020,101.5 kPa
11:00,PM,PDT,Wednesday,26,August,2020,101.4 kPa
5:00,AM,PDT,Thursday,27,August,2020,101.5 kPa
11:00,AM,PDT,Thursday,27,August,2020,101.7 kPa
5:00,PM,PDT,Thursday,27,August,2020,101.6 kPa
11:00,PM,PDT,Thursday,27,August,2020,101.7 kPa
5:00,AM,PDT,Friday,28,August,2020,101.7 kPa
11:00,AM,PDT,Friday,28,August,2020,101.8 kPa
5:00,PM,PDT,Friday,28,August,2020,101.6 kPa
11:00,PM,PDT,Friday,28,August,2020,101.5 kPa
5:00,AM,PDT,Saturday,29,August,2020,101.5 kPa
11:00,AM,PDT,Saturday,29,August,2020,101.7 kPa
5:00,PM,PDT,Saturday,29,August,2020,101.7 kPa
11:00,PM,PDT,Saturday,29,August,2020,101.8 kPa
5:00,AM,PDT,Sunday,30,August,2020,102.1 kPa
11:00,AM,PDT,Sunday,30,August,2020,102.3 kPa
11:00,PM,PDT,Sunday,30,August,2020,101.7 kPa
5:00,AM,PDT,Monday,31,August,2020,101.8 kPa
11:00,AM,PDT,Monday,31,August,2020,102.0 kPa
5:00,PM,PDT,Monday,31,August,2020,102.1 kPa
11:00,PM,PDT,Monday,31,August,2020,102.1 kPa
5:00,AM,PDT,Tuesday,1,September,2020,102.2 kPa
11:00,AM,PDT,Tuesday,1,September,2020,102.2 kPa
5:00,PM,PDT,Tuesday,1,September,2020,102.0 kPa
11:00,PM,PDT,Tuesday,1,September,2020,101.9 kPa
5:47,AM,PDT,Wednesday,2,September,2020,101.7 kPa
11:00,AM,PDT,Wednesday,2,September,2020,101.9 kPa
5:00,PM,PDT,Wednesday,2,September,2020,101.9 kPa
11:00,PM,PDT,Wednesday,2,September,2020,102.1 kPa
5:00,AM,PDT,Thursday,3,September,2020,102.1 kPa
11:00,AM,PDT,Thursday,3,September,2020,102.2 kPa
5:00,PM,PDT,Thursday,3,September,2020,101.9 kPa
11:00,PM,PDT,Thursday,3,September,2020,101.8 kPa
5:00,AM,PDT,Friday,4,September,2020,101.7 kPa
11:00,AM,PDT,Friday,4,September,2020,101.6 kPa
5:00,PM,PDT,Friday,4,September,2020,101.3 kPa
11:00,PM,PDT,Friday,4,September,2020,101.6 kPa
5:00,AM,PDT,Saturday,5,September,2020,101.9 kPa
11:00,AM,PDT,Saturday,5,September,2020,102.4 kPa
5:00,PM,PDT,Saturday,5,September,2020,102.4 kPa
11:00,PM,PDT,Saturday,5,September,2020,102.5 kPa
5:00,AM,PDT,Sunday,6,September,2020,102.5 kPa
11:00,AM,PDT,Sunday,6,September,2020,102.6 kPa
5:00,PM,PDT,Sunday,6,September,2020,102.2 kPa
11:00,PM,PDT,Sunday,6,September,2020,102.1 kPa
5:00,AM,PDT,Monday,7,September,2020,102.1 kPa
11:00,AM,PDT,Monday,7,September,2020,102.4 kPa
5:00,PM,PDT,Monday,7,September,2020,102.4 kPa
11:00,PM,PDT,Monday,7,September,2020,102.6 kPa
5:00,AM,PDT,Tuesday,8,September,2020,102.8 kPa
11:00,AM,PDT,Tuesday,8,September,2020,102.7 kPa
5:00,PM,PDT,Tuesday,8,September,2020,102.1 kPa
11:00,PM,PDT,Tuesday,8,September,2020,101.9 kPa
5:00,AM,PDT,Wednesday,9,September,2020,101.9 kPa
11:00,AM,PDT,Wednesday,9,September,2020,101.9 kPa
5:00,PM,PDT,Wednesday,9,September,2020,101.5 kPa
11:00,PM,PDT,Wednesday,9,September,2020,101.4 kPa
5:00,AM,PDT,Thursday,10,September,2020,101.6 kPa
11:00,AM,PDT,Thursday,10,September,2020,101.7 kPa
5:00,PM,PDT,Thursday,10,September,2020,101.4 kPa
11:00,PM,PDT,Thursday,10,September,2020,101.4 kPa
5:00,AM,PDT,Friday,11,September,2020,101.5 kPa
5:00,PM,PDT,Friday,11,September,2020,101.5 kPa
11:00,PM,PDT,Friday,11,September,2020,101.5 kPa
5:00,AM,PDT,Saturday,12,September,2020,101.6 kPa
11:00,AM,PDT,Saturday,12,September,2020,101.7 kPa
5:19,PM,PDT,Saturday,12,September,2020,101.4 kPa
11:00,PM,PDT,Saturday,12,September,2020,101.4 kPa
5:00,AM,PDT,Sunday,13,September,2020,101.4 kPa
11:00,AM,PDT,Sunday,13,September,2020,101.4 kPa
5:00,PM,PDT,Sunday,13,September,2020,101.2 kPa
11:00,PM,PDT,Sunday,13,September,2020,101.3 kPa
5:24,AM,PDT,Monday,14,September,2020,101.5 kPa
11:00,AM,PDT,Monday,14,September,2020,101.5 kPa
5:46,PM,PDT,Monday,14,September,2020,101.5 kPa
11:00,PM,PDT,Monday,14,September,2020,101.7 kPa
5:00,AM,PDT,Tuesday,15,September,2020,101.8 kPa
11:00,AM,PDT,Tuesday,15,September,2020,102.0 kPa
5:33,PM,PDT,Tuesday,15,September,2020,101.7 kPa
11:00,PM,PDT,Tuesday,15,September,2020,101.9 kPa
5:00,AM,PDT,Wednesday,16,September,2020,101.8 kPa
11:30,AM,PDT,Wednesday,16,September,2020,101.7 kPa
5:00,PM,PDT,Wednesday,16,September,2020,101.5 kPa
11:00,PM,PDT,Wednesday,16,September,2020,101.7 kPa
5:00,AM,PDT,Thursday,17,September,2020,101.7 kPa
11:00,AM,PDT,Thursday,17,September,2020,101.7 kPa
5:00,PM,PDT,Thursday,17,September,2020,101.3 kPa
11:26,PM,PDT,Thursday,17,September,2020,101.3 kPa
5:00,AM,PDT,Friday,18,September,2020,101.2 kPa
11:00,AM,PDT,Friday,18,September,2020,101.2 kPa
5:00,PM,PDT,Friday,18,September,2020,101.2 kPa
11:00,PM,PDT,Friday,18,September,2020,101.3 kPa
5:00,AM,PDT,Saturday,19,September,2020,101.3 kPa
11:49,AM,PDT,Saturday,19,September,2020,101.6 kPa
5:35,PM,PDT,Saturday,19,September,2020,101.7 kPa
11:00,PM,PDT,Saturday,19,September,2020,101.8 kPa
5:00,AM,PDT,Sunday,20,September,2020,101.8 kPa
11:00,AM,PDT,Sunday,20,September,2020,101.9 kPa
5:00,PM,PDT,Sunday,20,September,2020,101.7 kPa
11:00,PM,PDT,Sunday,20,September,2020,101.6 kPa
5:00,AM,PDT,Monday,21,September,2020,101.4 kPa
11:00,AM,PDT,Monday,21,September,2020,101.5 kPa
5:43,PM,PDT,Monday,21,September,2020,101.4 kPa
11:17,PM,PDT,Monday,21,September,2020,101.5 kPa
5:00,AM,PDT,Tuesday,22,September,2020,101.5 kPa
11:00,AM,PDT,Tuesday,22,September,2020,101.7 kPa
5:00,PM,PDT,Tuesday,22,September,2020,101.5 kPa
11:00,PM,PDT,Tuesday,22,September,2020,101.2 kPa
5:08,AM,PDT,Wednesday,23,September,2020,100.8 kPa
11:34,AM,PDT,Wednesday,23,September,2020,100.6 kPa
5:00,PM,PDT,Wednesday,23,September,2020,100.2 kPa
11:31,PM,PDT,Wednesday,23,September,2020,100.5 kPa
5:00,AM,PDT,Thursday,24,September,2020,100.8 kPa
11:00,AM,PDT,Thursday,24,September,2020,101.2 kPa
5:00,PM,PDT,Thursday,24,September,2020,101.2 kPa
11:00,PM,PDT,Thursday,24,September,2020,101.0 kPa
5:18,AM,PDT,Friday,25,September,2020,100.4 kPa
11:00,AM,PDT,Friday,25,September,2020,100.2 kPa
5:00,PM,PDT,Friday,25,September,2020,100.7 kPa
11:00,PM,PDT,Friday,25,September,2020,101.2 kPa
5:00,AM,PDT,Saturday,26,September,2020,101.6 kPa
11:00,AM,PDT,Saturday,26,September,2020,101.9 kPa
5:00,PM,PDT,Saturday,26,September,2020,102.0 kPa
11:00,PM,PDT,Saturday,26,September,2020,102.4 kPa
5:00,AM,PDT,Sunday,27,September,2020,102.9 kPa
11:00,AM,PDT,Sunday,27,September,2020,103.3 kPa
5:00,PM,PDT,Sunday,27,September,2020,103.2 kPa
11:00,PM,PDT,Sunday,27,September,2020,103.1 kPa
5:00,AM,PDT,Monday,28,September,2020,103.0 kPa
11:00,AM,PDT,Monday,28,September,2020,102.9 kPa
5:00,PM,PDT,Monday,28,September,2020,102.5 kPa
11:00,PM,PDT,Monday,28,September,2020,102.3 kPa
5:00,AM,PDT,Tuesday,29,September,2020,102.1 kPa
11:00,AM,PDT,Tuesday,29,September,2020,102.0 kPa
5:00,PM,PDT,Tuesday,29,September,2020,101.7 kPa
11:00,PM,PDT,Tuesday,29,September,2020,101.8 kPa
5:00,AM,PDT,Wednesday,30,September,2020,102.0 kPa
11:00,AM,PDT,Wednesday,30,September,2020,102.3 kPa
5:00,PM,PDT,Wednesday,30,September,2020,102.2 kPa
11:00,PM,PDT,Wednesday,30,September,2020,102.2 kPa
5:00,AM,PDT,Thursday,1,October,2020,102.2 kPa
11:23,AM,PDT,Thursday,1,October,2020,102.3 kPa
5:00,PM,PDT,Thursday,1,October,2020,102.1 kPa
11:41,PM,PDT,Thursday,1,October,2020,102.1 kPa
5:00,AM,PDT,Friday,2,October,2020,102.1 kPa
11:00,AM,PDT,Friday,2,October,2020,102.1 kPa
5:00,PM,PDT,Friday,2,October,2020,101.9 kPa
11:00,PM,PDT,Friday,2,October,2020,101.9 kPa
5:28,AM,PDT,Saturday,3,October,2020,101.9 kPa
11:19,AM,PDT,Saturday,3,October,2020,101.9 kPa
5:00,PM,PDT,Saturday,3,October,2020,101.7 kPa
11:16,PM,PDT,Saturday,3,October,2020,101.8 kPa
5:00,AM,PDT,Sunday,4,October,2020,101.9 kPa
11:00,AM,PDT,Sunday,4,October,2020,102.0 kPa
5:00,PM,PDT,Sunday,4,October,2020,102.1 kPa
11:00,PM,PDT,Sunday,4,October,2020,102.3 kPa
5:32,AM,PDT,Monday,5,October,2020,102.5 kPa
11:00,AM,PDT,Monday,5,October,2020,102.6 kPa
5:00,PM,PDT,Monday,5,October,2020,102.4 kPa
11:00,PM,PDT,Monday,5,October,2020,102.3 kPa
5:40,AM,PDT,Tuesday,6,October,2020,102.2 kPa
11:39,AM,PDT,Tuesday,6,October,2020,102.2 kPa
5:00,PM,PDT,Tuesday,6,October,2020,101.8 kPa
11:00,PM,PDT,Tuesday,6,October,2020,101.6 kPa
5:49,AM,PDT,Wednesday,7,October,2020,101.5 kPa
11:00,AM,PDT,Wednesday,7,October,2020,101.4 kPa
5:48,PM,PDT,Wednesday,7,October,2020,101.0 kPa
11:26,PM,PDT,Wednesday,7,October,2020,101.0 kPa
5:00,AM,PDT,Thursday,8,October,2020,101.0 kPa
11:00,AM,PDT,Thursday,8,October,2020,101.1 kPa
5:00,PM,PDT,Thursday,8,October,2020,101.2 kPa
11:00,PM,PDT,Thursday,8,October,2020,101.2 kPa
5:08,AM,PDT,Friday,9,October,2020,101.1 kPa
11:00,AM,PDT,Friday,9,October,2020,100.9 kPa
5:00,PM,PDT,Friday,9,October,2020,100.4 kPa
11:16,PM,PDT,Friday,9,October,2020,100.2 kPa
5:00,AM,PDT,Saturday,10,October,2020,99.8 kPa
11:00,AM,PDT,Saturday,10,October,2020,100.1 kPa
5:00,PM,PDT,Saturday,10,October,2020,100.6 kPa
11:00,PM,PDT,Saturday,10,October,2020,101.1 kPa
5:00,AM,PDT,Sunday,11,October,2020,101.4 kPa
11:48,AM,PDT,Sunday,11,October,2020,101.5 kPa
5:00,PM,PDT,Sunday,11,October,2020,100.6 kPa
11:00,PM,PDT,Sunday,11,October,2020,100.4 kPa
5:00,AM,PDT,Monday,12,October,2020,101.3 kPa
11:00,AM,PDT,Monday,12,October,2020,102.1 kPa
5:00,PM,PDT,Monday,12,October,2020,102.2 kPa
11:00,PM,PDT,Monday,12,October,2020,101.8 kPa
5:00,PM,PDT,Tuesday,13,October,2020,101.0 kPa
11:00,PM,PDT,Tuesday,13,October,2020,101.8 kPa
5:00,AM,PDT,Wednesday,14,October,2020,102.3 kPa
11:00,AM,PDT,Wednesday,14,October,2020,102.8 kPa
5:00,PM,PDT,Wednesday,14,October,2020,103.0 kPa
11:00,PM,PDT,Wednesday,14,October,2020,103.3 kPa
5:00,AM,PDT,Thursday,15,October,2020,103.5 kPa
11:00,AM,PDT,Thursday,15,October,2020,103.7 kPa
5:00,PM,PDT,Thursday,15,October,2020,103.3 kPa
11:00,PM,PDT,Thursday,15,October,2020,103.0 kPa
5:51,AM,PDT,Friday,16,October,2020,102.3 kPa
11:38,AM,PDT,Friday,16,October,2020,101.7 kPa
5:42,PM,PDT,Friday,16,October,2020,101.7 kPa
11:00,PM,PDT,Friday,16,October,2020,101.8 kPa
5:00,AM,PDT,Saturday,17,October,2020,101.9 kPa
11:00,AM,PDT,Saturday,17,October,2020,102.2 kPa
5:00,PM,PDT,Saturday,17,October,2020,102.2 kPa
11:20,PM,PDT,Saturday,17,October,2020,101.9 kPa
5:21,AM,PDT,Sunday,18,October,2020,101.6 kPa
11:00,AM,PDT,Sunday,18,October,2020,101.6 kPa
5:18,PM,PDT,Sunday,18,October,2020,101.6 kPa
11:00,PM,PDT,Sunday,18,October,2020,101.6 kPa
5:00,AM,PDT,Monday,19,October,2020,101.8 kPa
11:15,AM,PDT,Monday,19,October,2020,102.0 kPa
5:00,PM,PDT,Monday,19,October,2020,102.0 kPa
11:00,PM,PDT,Monday,19,October,2020,102.1 kPa
5:00,AM,PDT,Tuesday,20,October,2020,102.3 kPa
11:00,AM,PDT,Tuesday,20,October,2020,102.3 kPa
5:00,PM,PDT,Tuesday,20,October,2020,102.0 kPa
11:00,PM,PDT,Tuesday,20,October,2020,101.9 kPa
5:00,AM,PDT,Wednesday,21,October,2020,101.7 kPa
11:00,AM,PDT,Wednesday,21,October,2020,102.0 kPa
5:00,PM,PDT,Wednesday,21,October,2020,102.3 kPa
11:00,PM,PDT,Wednesday,21,October,2020,102.6 kPa
5:00,AM,PDT,Thursday,22,October,2020,102.8 kPa
11:00,AM,PDT,Thursday,22,October,2020,103.0 kPa
5:00,PM,PDT,Thursday,22,October,2020,102.9 kPa
11:00,PM,PDT,Thursday,22,October,2020,102.8 kPa
5:51,AM,PDT,Friday,23,October,2020,102.1 kPa
11:00,AM,PDT,Friday,23,October,2020,101.5 kPa
5:20,PM,PDT,Friday,23,October,2020,101.3 kPa
11:00,PM,PDT,Friday,23,October,2020,101.7 kPa
5:00,AM,PDT,Saturday,24,October,2020,102.2 kPa
11:00,AM,PDT,Saturday,24,October,2020,102.7 kPa
5:00,PM,PDT,Saturday,24,October,2020,102.9 kPa
11:00,PM,PDT,Saturday,24,October,2020,103.3 kPa
5:00,AM,PDT,Sunday,25,October,2020,103.6 kPa
11:00,AM,PDT,Sunday,25,October,2020,103.7 kPa
5:00,PM,PDT,Sunday,25,October,2020,103.6 kPa
11:00,PM,PDT,Sunday,25,October,2020,103.5 kPa
5:00,AM,PDT,Monday,26,October,2020,103.4 kPa
11:00,AM,PDT,Monday,26,October,2020,103.4 kPa
5:00,PM,PDT,Monday,26,October,2020,103.2 kPa
11:00,PM,PDT,Monday,26,October,2020,103.2 kPa
5:00,AM,PDT,Tuesday,27,October,2020,103.1 kPa
11:00,AM,PDT,Tuesday,27,October,2020,102.9 kPa
5:00,PM,PDT,Tuesday,27,October,2020,102.6 kPa
11:00,PM,PDT,Tuesday,27,October,2020,102.4 kPa
5:00,AM,PDT,Wednesday,28,October,2020,102.3 kPa
11:00,AM,PDT,Wednesday,28,October,2020,102.3 kPa
5:00,PM,PDT,Wednesday,28,October,2020,102.1 kPa
11:00,PM,PDT,Wednesday,28,October,2020,102.0 kPa
5:00,AM,PDT,Thursday,29,October,2020,102.1 kPa
11:00,AM,PDT,Thursday,29,October,2020,102.1 kPa
5:00,PM,PDT,Thursday,29,October,2020,101.8 kPa
11:00,PM,PDT,Thursday,29,October,2020,101.3 kPa
5:00,AM,PDT,Friday,30,October,2020,100.7 kPa
11:00,AM,PDT,Friday,30,October,2020,101.3 kPa
5:00,PM,PDT,Friday,30,October,2020,102.0 kPa
11:00,PM,PDT,Friday,30,October,2020,102.5 kPa
5:00,AM,PDT,Saturday,31,October,2020,102.9 kPa
11:00,AM,PDT,Saturday,31,October,2020,103.1 kPa
5:00,PM,PDT,Saturday,31,October,2020,103.0 kPa
10:00,PM,PST,Saturday,31,October,2020,102.9 kPa
4:00,AM,PST,Sunday,1,November,2020,102.7 kPa
10:00,AM,PST,Sunday,1,November,2020,102.6 kPa
4:00,PM,PST,Sunday,1,November,2020,102.2 kPa
10:00,PM,PST,Sunday,1,November,2020,102.1 kPa
11:00,PM,PST,Sunday,1,November,2020,102.1 kPa
5:00,AM,PST,Monday,2,November,2020,102.1 kPa
11:00,AM,PST,Monday,2,November,2020,102.0 kPa
5:00,PM,PST,Monday,2,November,2020,101.5 kPa
11:00,PM,PST,Monday,2,November,2020,101.4 kPa
5:00,AM,PST,Tuesday,3,November,2020,101.1 kPa
11:37,AM,PST,Tuesday,3,November,2020,101.1 kPa
5:00,PM,PST,Tuesday,3,November,2020,101.1 kPa
11:35,PM,PST,Tuesday,3,November,2020,101.1 kPa
5:00,AM,PST,Wednesday,4,November,2020,101.1 kPa
11:00,AM,PST,Wednesday,4,November,2020,101.4 kPa
5:29,PM,PST,Wednesday,4,November,2020,101.1 kPa
11:00,PM,PST,Wednesday,4,November,2020,101.2 kPa
5:00,AM,PST,Thursday,5,November,2020,101.6 kPa
11:00,AM,PST,Thursday,5,November,2020,101.8 kPa
5:00,PM,PST,Thursday,5,November,2020,101.5 kPa
11:00,PM,PST,Thursday,5,November,2020,101.4 kPa
5:00,AM,PST,Friday,6,November,2020,101.4 kPa
11:00,AM,PST,Friday,6,November,2020,101.3 kPa
5:00,PM,PST,Friday,6,November,2020,101.2 kPa
11:00,PM,PST,Friday,6,November,2020,101.1 kPa
5:00,AM,PST,Saturday,7,November,2020,100.9 kPa
11:00,AM,PST,Saturday,7,November,2020,100.9 kPa
5:00,PM,PST,Saturday,7,November,2020,100.9 kPa
11:00,PM,PST,Saturday,7,November,2020,101.1 kPa
5:00,AM,PST,Sunday,8,November,2020,101.5 kPa
11:00,AM,PST,Sunday,8,November,2020,102.0 kPa
5:00,PM,PST,Sunday,8,November,2020,102.2 kPa
5:00,AM,PST,Tuesday,17,November,2020,99.4 kPa
11:16,AM,PST,Tuesday,17,November,2020,98.9 kPa
5:00,PM,PST,Tuesday,17,November,2020,99.5 kPa
11:00,PM,PST,Tuesday,17,November,2020,100.2 kPa
5:00,AM,PST,Wednesday,18,November,2020,100.2 kPa
11:00,AM,PST,Wednesday,18,November,2020,100.1 kPa
5:24,PM,PST,Wednesday,18,November,2020,100.4 kPa
11:33,PM,PST,Wednesday,18,November,2020,101.0 kPa
5:00,AM,PST,Thursday,19,November,2020,101.6 kPa
11:00,AM,PST,Thursday,19,November,2020,102.3 kPa
5:00,PM,PST,Thursday,19,November,2020,102.5 kPa
11:00,PM,PST,Thursday,19,November,2020,102.8 kPa
5:00,AM,PST,Friday,20,November,2020,102.9 kPa
11:00,AM,PST,Friday,20,November,2020,102.9 kPa
5:24,PM,PST,Friday,20,November,2020,102.8 kPa
11:35,PM,PST,Friday,20,November,2020,103.0 kPa
5:29,AM,PST,Saturday,21,November,2020,103.2 kPa
11:00,AM,PST,Saturday,21,November,2020,103.3 kPa
5:00,PM,PST,Saturday,21,November,2020,102.8 kPa
11:00,PM,PST,Saturday,21,November,2020,102.3 kPa
5:00,AM,PST,Sunday,22,November,2020,101.8 kPa
11:00,AM,PST,Sunday,22,November,2020,101.6 kPa
5:49,PM,PST,Sunday,22,November,2020,101.3 kPa
11:30,PM,PST,Sunday,22,November,2020,101.2 kPa
5:42,AM,PST,Monday,23,November,2020,101.3 kPa
11:32,AM,PST,Monday,23,November,2020,101.7 kPa
5:00,PM,PST,Monday,23,November,2020,101.9 kPa
11:00,PM,PST,Monday,23,November,2020,102.0 kPa
5:47,AM,PST,Tuesday,24,November,2020,101.6 kPa
11:00,AM,PST,Tuesday,24,November,2020,101.0 kPa
5:00,PM,PST,Tuesday,24,November,2020,100.9 kPa
11:00,PM,PST,Tuesday,24,November,2020,101.2 kPa
5:00,AM,PST,Wednesday,25,November,2020,101.4 kPa
11:00,AM,PST,Wednesday,25,November,2020,101.9 kPa
5:00,PM,PST,Wednesday,25,November,2020,102.3 kPa
11:00,PM,PST,Wednesday,25,November,2020,102.6 kPa
5:00,AM,PST,Thursday,26,November,2020,102.8 kPa
11:00,AM,PST,Thursday,26,November,2020,103.0 kPa
5:00,PM,PST,Thursday,26,November,2020,102.8 kPa
11:00,PM,PST,Thursday,26,November,2020,102.6 kPa
5:00,AM,PST,Friday,27,November,2020,102.5 kPa
11:00,AM,PST,Friday,27,November,2020,102.3 kPa
5:00,PM,PST,Friday,27,November,2020,101.7 kPa
11:00,PM,PST,Friday,27,November,2020,101.9 kPa
5:00,AM,PST,Saturday,28,November,2020,102.3 kPa
11:00,AM,PST,Saturday,28,November,2020,102.8 kPa
5:00,PM,PST,Saturday,28,November,2020,103.0 kPa
11:13,PM,PST,Saturday,28,November,2020,102.8 kPa
5:00,AM,PST,Sunday,29,November,2020,102.7 kPa
11:00,AM,PST,Sunday,29,November,2020,102.4 kPa
5:00,PM,PST,Sunday,29,November,2020,101.8 kPa
11:00,PM,PST,Sunday,29,November,2020,101.2 kPa
5:40,AM,PST,Monday,30,November,2020,100.7 kPa
11:00,AM,PST,Monday,30,November,2020,101.5 kPa
5:00,PM,PST,Monday,30,November,2020,102.6 kPa
11:40,PM,PST,Monday,30,November,2020,103.3 kPa
5:00,AM,PST,Tuesday,1,December,2020,103.7 kPa
11:00,AM,PST,Tuesday,1,December,2020,103.8 kPa
5:00,PM,PST,Tuesday,1,December,2020,103.5 kPa
11:00,PM,PST,Tuesday,1,December,2020,103.2 kPa
5:00,AM,PST,Wednesday,2,December,2020,102.8 kPa
11:00,AM,PST,Wednesday,2,December,2020,102.5 kPa
5:41,PM,PST,Wednesday,2,December,2020,102.3 kPa
11:00,PM,PST,Wednesday,2,December,2020,102.4 kPa
5:50,AM,PST,Thursday,3,December,2020,102.4 kPa
11:00,AM,PST,Thursday,3,December,2020,102.7 kPa
5:00,PM,PST,Thursday,3,December,2020,102.8 kPa
11:00,PM,PST,Thursday,3,December,2020,103.1 kPa
5:00,AM,PST,Friday,4,December,2020,103.3 kPa
11:00,AM,PST,Friday,4,December,2020,103.2 kPa
5:00,PM,PST,Friday,4,December,2020,102.9 kPa
11:00,PM,PST,Friday,4,December,2020,102.6 kPa
5:00,AM,PST,Saturday,5,December,2020,102.0 kPa
11:00,AM,PST,Saturday,5,December,2020,101.9 kPa
5:00,PM,PST,Saturday,5,December,2020,101.7 kPa
11:00,PM,PST,Saturday,5,December,2020,102.0 kPa
5:00,AM,PST,Sunday,6,December,2020,102.4 kPa
11:15,AM,PST,Sunday,6,December,2020,103.0 kPa
5:00,PM,PST,Sunday,6,December,2020,103.1 kPa
11:00,PM,PST,Sunday,6,December,2020,103.0 kPa
5:00,AM,PST,Monday,7,December,2020,102.7 kPa
11:00,AM,PST,Monday,7,December,2020,102.7 kPa
5:08,PM,PST,Monday,7,December,2020,102.1 kPa
11:00,PM,PST,Monday,7,December,2020,101.9 kPa
5:36,AM,PST,Tuesday,8,December,2020,102.1 kPa
11:41,AM,PST,Tuesday,8,December,2020,102.2 kPa
5:00,PM,PST,Tuesday,8,December,2020,102.0 kPa
11:00,PM,PST,Tuesday,8,December,2020,102.0 kPa
5:25,AM,PST,Wednesday,9,December,2020,102.3 kPa
11:00,AM,PST,Wednesday,9,December,2020,102.6 kPa
5:14,PM,PST,Wednesday,9,December,2020,102.7 kPa
11:00,PM,PST,Wednesday,9,December,2020,102.7 kPa
5:00,AM,PST,Thursday,10,December,2020,102.1 kPa
11:00,AM,PST,Thursday,10,December,2020,101.7 kPa
5:00,PM,PST,Thursday,10,December,2020,101.4 kPa
11:49,PM,PST,Thursday,10,December,2020,101.6 kPa
5:46,AM,PST,Friday,11,December,2020,101.7 kPa
11:37,AM,PST,Friday,11,December,2020,101.9 kPa
5:00,PM,PST,Friday,11,December,2020,102.0 kPa
11:00,PM,PST,Friday,11,December,2020,102.3 kPa
5:00,AM,PST,Saturday,12,December,2020,102.4 kPa
11:00,AM,PST,Saturday,12,December,2020,102.4 kPa
5:00,PM,PST,Saturday,12,December,2020,102.0 kPa
11:00,PM,PST,Saturday,12,December,2020,101.4 kPa
5:00,AM,PST,Sunday,13,December,2020,101.4 kPa
11:22,AM,PST,Sunday,13,December,2020,101.3 kPa
5:38,PM,PST,Sunday,13,December,2020,101.6 kPa
11:00,PM,PST,Sunday,13,December,2020,101.9 kPa
5:19,AM,PST,Monday,14,December,2020,102.1 kPa
11:22,AM,PST,Monday,14,December,2020,102.4 kPa
5:00,PM,PST,Monday,14,December,2020,102.3 kPa
11:47,PM,PST,Monday,14,December,2020,101.9 kPa
5:00,AM,PST,Tuesday,15,December,2020,101.3 kPa
11:00,AM,PST,Tuesday,15,December,2020,101.2 kPa
5:00,PM,PST,Tuesday,15,December,2020,101.5 kPa
11:00,PM,PST,Tuesday,15,December,2020,101.8 kPa
5:43,AM,PST,Wednesday,16,December,2020,101.7 kPa
11:00,AM,PST,Wednesday,16,December,2020,101.2 kPa
5:00,PM,PST,Wednesday,16,December,2020,99.9 kPa
11:00,PM,PST,Wednesday,16,December,2020,99.7 kPa
5:30,AM,PST,Thursday,17,December,2020,100.3 kPa
11:17,AM,PST,Thursday,17,December,2020,101.1 kPa
5:00,PM,PST,Thursday,17,December,2020,101.6 kPa
11:00,PM,PST,Thursday,17,December,2020,102.0 kPa
5:22,AM,PST,Friday,18,December,2020,102.1 kPa
11:00,AM,PST,Friday,18,December,2020,101.8 kPa
5:29,PM,PST,Friday,18,December,2020,100.9 kPa
11:00,PM,PST,Friday,18,December,2020,101.1 kPa
5:00,AM,PST,Saturday,19,December,2020,102.0 kPa
11:43,AM,PST,Saturday,19,December,2020,102.1 kPa
5:00,PM,PST,Saturday,19,December,2020,101.2 kPa
11:00,PM,PST,Saturday,19,December,2020,100.8 kPa
5:00,AM,PST,Sunday,20,December,2020,101.4 kPa
11:00,AM,PST,Sunday,20,December,2020,101.9 kPa
5:00,PM,PST,Sunday,20,December,2020,102.0 kPa
11:00,PM,PST,Sunday,20,December,2020,101.9 kPa
5:00,AM,PST,Monday,21,December,2020,101.4 kPa
11:50,AM,PST,Monday,21,December,2020,100.5 kPa
5:00,PM,PST,Monday,21,December,2020,100.2 kPa
11:18,PM,PST,Monday,21,December,2020,100.9 kPa
5:00,AM,PST,Tuesday,22,December,2020,101.8 kPa
11:00,AM,PST,Tuesday,22,December,2020,102.6 kPa
5:12,PM,PST,Tuesday,22,December,2020,103.1 kPa
11:00,PM,PST,Tuesday,22,December,2020,103.6 kPa
5:00,AM,PST,Wednesday,23,December,2020,103.6 kPa
11:00,AM,PST,Wednesday,23,December,2020,103.5 kPa
5:00,PM,PST,Wednesday,23,December,2020,103.1 kPa
11:00,PM,PST,Wednesday,23,December,2020,102.6 kPa
5:00,AM,PST,Thursday,24,December,2020,102.4 kPa
11:00,AM,PST,Thursday,24,December,2020,102.2 kPa
5:07,PM,PST,Thursday,24,December,2020,101.8 kPa
11:00,PM,PST,Thursday,24,December,2020,101.5 kPa
5:47,AM,PST,Friday,25,December,2020,101.1 kPa
11:31,AM,PST,Friday,25,December,2020,101.0 kPa
5:38,PM,PST,Friday,25,December,2020,100.4 kPa
11:32,PM,PST,Friday,25,December,2020,100.2 kPa
5:30,AM,PST,Saturday,26,December,2020,100.4 kPa
11:00,AM,PST,Saturday,26,December,2020,101.1 kPa
5:00,PM,PST,Saturday,26,December,2020,101.6 kPa
11:48,PM,PST,Saturday,26,December,2020,101.9 kPa
5:28,AM,PST,Sunday,27,December,2020,101.9 kPa
11:22,AM,PST,Sunday,27,December,2020,102.0 kPa
5:00,PM,PST,Sunday,27,December,2020,101.9 kPa
11:32,PM,PST,Sunday,27,December,2020,102.0 kPa
5:00,AM,PST,Monday,28,December,2020,102.0 kPa
11:00,AM,PST,Monday,28,December,2020,102.1 kPa
5:00,PM,PST,Monday,28,December,2020,102.1 kPa
11:00,PM,PST,Monday,28,December,2020,102.3 kPa
5:00,AM,PST,Tuesday,29,December,2020,102.4 kPa
11:00,AM,PST,Tuesday,29,December,2020,102.6 kPa
5:00,PM,PST,Tuesday,29,December,2020,102.4 kPa
11:00,PM,PST,Tuesday,29,December,2020,102.0 kPa
5:00,AM,PST,Wednesday,30,December,2020,101.5 kPa
11:41,AM,PST,Wednesday,30,December,2020,100.9 kPa
5:00,PM,PST,Wednesday,30,December,2020,100.5 kPa
11:00,PM,PST,Wednesday,30,December,2020,100.6 kPa
5:00,AM,PST,Thursday,31,December,2020,101.1 kPa
11:00,AM,PST,Thursday,31,December,2020,101.8 kPa
5:37,PM,PST,Thursday,31,December,2020,101.9 kPa
11:16,PM,PST,Thursday,31,December,2020,101.7 kPa
5:00,AM,PST,Friday,1,January,2021,101.2 kPa
11:00,AM,PST,Friday,1,January,2021,100.7 kPa
5:00,PM,PST,Friday,1,January,2021,100.3 kPa
11:00,PM,PST,Friday,1,January,2021,100.7 kPa
5:00,AM,PST,Saturday,2,January,2021,100.6 kPa
11:00,AM,PST,Saturday,2,January,2021,100.3 kPa
5:00,PM,PST,Saturday,2,January,2021,100.0 kPa
11:00,PM,PST,Saturday,2,January,2021,100.3 kPa
5:00,AM,PST,Sunday,3,January,2021,100.8 kPa
11:00,AM,PST,Sunday,3,January,2021,101.1 kPa
5:00,PM,PST,Sunday,3,January,2021,101.4 kPa
11:00,PM,PST,Sunday,3,January,2021,101.0 kPa
5:00,AM,PST,Monday,4,January,2021,100.0 kPa
11:09,AM,PST,Monday,4,January,2021,99.9 kPa
5:00,PM,PST,Monday,4,January,2021,100.7 kPa
11:48,PM,PST,Monday,4,January,2021,101.5 kPa
5:49,AM,PST,Tuesday,5,January,2021,101.8 kPa
11:00,AM,PST,Tuesday,5,January,2021,101.6 kPa
5:26,PM,PST,Tuesday,5,January,2021,101.0 kPa
11:14,PM,PST,Tuesday,5,January,2021,101.0 kPa
5:00,AM,PST,Wednesday,6,January,2021,101.4 kPa
11:00,AM,PST,Wednesday,6,January,2021,101.8 kPa
5:00,PM,PST,Wednesday,6,January,2021,101.7 kPa
11:00,PM,PST,Wednesday,6,January,2021,102.1 kPa
5:00,AM,PST,Thursday,7,January,2021,102.5 kPa
11:00,AM,PST,Thursday,7,January,2021,102.6 kPa
5:00,PM,PST,Thursday,7,January,2021,102.1 kPa
11:00,PM,PST,Thursday,7,January,2021,101.6 kPa
11:00,PM,PST,Thursday,7,January,2021,101.6 kPa
5:00,AM,PST,Friday,8,January,2021,101.7 kPa
11:00,AM,PST,Friday,8,January,2021,102.3 kPa
5:44,PM,PST,Friday,8,January,2021,102.8 kPa
11:32,PM,PST,Friday,8,January,2021,103.1 kPa
5:07,AM,PST,Saturday,9,January,2021,103.0 kPa
11:00,AM,PST,Saturday,9,January,2021,102.7 kPa
5:00,PM,PST,Saturday,9,January,2021,102.2 kPa
11:00,PM,PST,Saturday,9,January,2021,101.9 kPa
5:00,AM,PST,Sunday,10,January,2021,102.2 kPa
11:00,AM,PST,Sunday,10,January,2021,102.3 kPa
5:28,PM,PST,Sunday,10,January,2021,102.2 kPa
11:00,PM,PST,Sunday,10,January,2021,102.1 kPa
5:00,AM,PST,Monday,11,January,2021,101.7 kPa
11:00,AM,PST,Monday,11,January,2021,101.8 kPa
5:00,PM,PST,Monday,11,January,2021,101.3 kPa
11:31,PM,PST,Monday,11,January,2021,100.4 kPa
5:00,AM,PST,Tuesday,12,January,2021,100.1 kPa
11:37,AM,PST,Tuesday,12,January,2021,100.5 kPa
5:38,PM,PST,Tuesday,12,January,2021,100.1 kPa
11:00,PM,PST,Tuesday,12,January,2021,99.1 kPa
11:00,AM,PST,Wednesday,13,January,2021,102.6 kPa
5:00,PM,PST,Wednesday,13,January,2021,103.2 kPa
11:16,PM,PST,Wednesday,13,January,2021,103.4 kPa
5:00,AM,PST,Thursday,14,January,2021,103.3 kPa
11:00,AM,PST,Thursday,14,January,2021,103.1 kPa
5:00,PM,PST,Thursday,14,January,2021,102.6 kPa
11:05,PM,PST,Thursday,14,January,2021,102.5 kPa
5:23,AM,PST,Friday,15,January,2021,102.7 kPa
11:49,AM,PST,Friday,15,January,2021,102.9 kPa
5:00,PM,PST,Friday,15,January,2021,103.0 kPa
11:00,PM,PST,Friday,15,January,2021,103.2 kPa
5:00,AM,PST,Saturday,16,January,2021,103.1 kPa
11:00,AM,PST,Saturday,16,January,2021,103.0 kPa
5:00,PM,PST,Saturday,16,January,2021,102.8 kPa
